Common.StringUtil, 1.0, stable, win7/osx/linux, -1, ja, 文字列基本ライブラリ, Common.StringUtil.html,
cstyle, 0.0, stable, , -1, ja, パッケージの1行説明文, cstyle.html,
cstyle.float, 0.0, stable, , -1, ja, パッケージの1行説明文, cstyle.float.html,
cstyle.math, 0.0, stable, , -1, ja, パッケージの1行説明文, cstyle.math.html,
Java.String, 1.0, stable, win7/osx/linux, -1, ja, Javaで提供される文字列型, Java.String.html,
JavaScript.Array, 1.0, stable, win7/osx/linux, -1, ja, JavaScriptで提供される配列型, JavaScript.Array.html,
JavaScript.Date, 1.0, stable, win7/osx/linux, -1, ja, JavaScriptで提供されるオブジェクト, JavaScript.Date.html,
JavaScript.Math, 0.3, stable, win7/osx/linux, -1, ja, JavaScriptで提供される数学ライブラリ, JavaScript.Math.html,
JavaScript.Regexp, 1.0, stable, osx/linux, -1, ja, JavaScriptで提供される正規表現リテラルとライブラリ, JavaScript.Regexp.html,
JavaScript.String, 1.0, stable, win7/osx/linux, -1, ja, JavaScriptで提供される文字列型, JavaScript.String.html,
JavaStyle.Class, 1.0, stable, win7/osx/linux, -1, ja, Javaスタイルのクラス定義構文, JavaStyle.Class.html,
konoha, 0.0, stable, , -1, ja, パッケージの1行説明文, konoha.html,
Lib.Curl, 0.0, stable, , -1, ja, パッケージの1行説明文, Lib.Curl.html,
Lib.Konoha, 1.0, stable, , -1, ja, libkonohaのバインドライブラリ, Lib.Konoha.html,
MiniKonoha.Man, 0.0, stable, , -1, ja, パッケージの1行説明文, MiniKonoha.Man.html,
MiniKonoha.NameSpace, 0.0, stable, , -1, ja, パッケージの1行説明文, MiniKonoha.NameSpace.html,
MiniKonoha.ObjectModel, 0.0, stable, , -1, ja, パッケージの1行説明文, MiniKonoha.ObjectModel.html,
MiniKonoha.Syntax, 0.0, stable, , -1, ja, パッケージの1行説明文, MiniKonoha.Syntax.html,
Syntax.CStyleBitwiseOperator, 1.0, stable, win7/osx/linux, -1, ja, C言語で提供されるビット演算, Syntax.CStyleBitwiseOperator.html,
Syntax.CStyleCompoundAssignment, 1.0, stable, win7/osx/linux, -1, ja, C言語で提供される複合代入演算子, Syntax.CStyleCompoundAssignment.html,
Syntax.CStyleFor, 1.0, stable, win7/osx/linux, -1, ja, C言語で提供されるfor文, Syntax.CStyleFor.html,
Syntax.CStyleSelfAssignment, 1.0, stable, win7/osx/linux, -1, ja, C言語で提供される自己代入演算子, Syntax.CStyleSelfAssignment.html,
Syntax.CStyleWhile, 1.0, stable, win7/osx/linux, -1, ja, C言語で提供されるWhile文, Syntax.CStyleWhile.html,
Syntax.GlobalVariable, 1.0, stable, win7/osx/linux, -1, ja, グローバル変数の文法, Syntax.GlobalVariable.html,
Syntax.GoStyleIncrement, 1.0, stable, win7/osx/linux, -1, ja, インクリメント演算子, Syntax.GoStyleIncrement.html,
Syntax.JavaStyleClass, 1.0, stable, win7/osx/linux, -1, ja, Javaスタイルのクラス定義構文, Syntax.JavaStyleClass.html,
Syntax.Null, 0.0, stable, , -1, ja, パッケージの1行説明文, Syntax.Null.html,
Syntax.Number, 0.0, stable, , -1, ja, パッケージの1行説明文, Syntax.Number.html,
Syntax.StringInterpolation, 0.0, stable, , -1, ja, 文字列への式の埋込み, Syntax.StringInterpolation.html,
Type.Bytes, 1.0, stable, win7/osx/linux, -1, ja, バイト列を表す型, Type.Bytes.html,
Type.Complex, 0.0, stable, , -1, ja, パッケージの1行説明文, Type.Complex.html,
Type.File, 1.0, stable, win7/osx/linux, -1, ja, ファイル入出力ライブラリ, Type.File.html,
Type.Float, 0.0, stable, , -1, ja, パッケージの1行説明文, Type.Float.html,
Type.Json, 0.0, stable, , -1, ja, パッケージの1行説明文, Type.Json.html,
cstyle.file, 0.0, stable, , -1, ja, パッケージの1行説明文, cstyle.file.html,
cstyle.global, 0.0, stable, , -1, ja, パッケージの1行説明文, cstyle.global.html,
cstyle.libc, 0.0, stable, , -1, ja, パッケージの1行説明文, cstyle.libc.html,
Deos.DCaseCloud, 0.0, stable, , -1, ja, パッケージの1行説明文, Deos.DCaseCloud.html,
Deos.DScript, 0.0, stable, , -1, ja, パッケージの1行説明文, Deos.DScript.html,
dscript.dollar, 0.0, stable, , -1, ja, パッケージの1行説明文, dscript.dollar.html,
dscript.subproc, 0.0, stable, , -1, ja, パッケージの1行説明文, dscript.subproc.html,
Dse.Control, 0.0, stable, , -1, ja, パッケージの1行説明文, Dse.Control.html,
JavaScript.Document, 0.0, stable, , -1, ja, パッケージの1行説明文, JavaScript.Document.html,
JavaScript.JQuery, 0.0, stable, , -1, ja, パッケージの1行説明文, JavaScript.JQuery.html,
JavaScript.Prototype, 0.0, stable, , -1, ja, パッケージの1行説明文, JavaScript.Prototype.html,
JavaStyle.Object, 1.0, stable, win7/osx/linux, -1, ja, 型チェックおよび型変換の構文, JavaStyle.Object.html,
konoha.foreach, 0.0, stable, , -1, ja, パッケージの1行説明文, konoha.foreach.html,
konoha.iterator, 0.0, stable, , -1, ja, パッケージの1行説明文, konoha.iterator.html,
Lib.Apache, 0.0, stable, , -1, ja, パッケージの1行説明文, Lib.Apache.html,
Lib.Curl, 0.1, developing, osx/linux, -1, ja, Curlのkonohaバインド, Lib.Curl.html,
Lib.Gmp, 1.0, stable, osx/linux, -1, ja, 多倍長演算ライブラリGMPのKonohaバインド, Lib.Gmp.html,
Lib.Libevent, 0.0, stable, , -1, ja, パッケージの1行説明文, Lib.Libevent.html,
Lib.Libvirt, 0.0, stable, , -1, ja, パッケージの1行説明文, Lib.Libvirt.html,
Lib.Libxml2.Xmlreader, 0.1, develping, osx/linux, -1, ja, パッケージの1行説明文, Lib.Libxml2.Xmlreader.html,
Lib.LLVM, 0.0, stable, , -1, ja, パッケージの1行説明文, Lib.LLVM.html,
Lib.Mecab, 0.1, develping, osx/linux, -1, ja, パッケージの1行説明文, Lib.Mecab.html,
Lib.Mpi, 0.0, stable, , -1, ja, パッケージの1行説明文, Lib.Mpi.html,
Lib.Openssl, 0.3, stable, win7/osx/linux, -1, ja, OpenSSLのKonohaバインド, Lib.Openssl.html,
Lib.Python, 0.0, stable, , -1, ja, パッケージの1行説明文, Lib.Python.html,
MiniKonoha.ClosureModel, 0.0, stable, , -1, ja, パッケージの1行説明文, MiniKonoha.ClosureModel.html,
MiniKonoha.Console, 0.0, stable, , -1, ja, パッケージの1行説明文, MiniKonoha.Console.html,
MiniKonoha.Eval, 0.0, stable, , -1, ja, パッケージの1行説明文, MiniKonoha.Eval.html,
MiniKonoha.EventListener, 0.0, stable, , -1, ja, パッケージの1行説明文, MiniKonoha.EventListener.html,
MiniKonoha.Map, 0.0, stable, , -1, ja, パッケージの1行説明文, MiniKonoha.Map.html,
MiniKonoha.Sql, 0.0, stable, , -1, ja, パッケージの1行説明文, MiniKonoha.Sql.html,
neo4j, 0.0, stable, , -1, ja, パッケージの1行説明文, neo4j.html,
posix.fd, 0.0, stable, , -1, ja, パッケージの1行説明文, posix.fd.html,
posix.path, 0.0, stable, , -1, ja, パッケージの1行説明文, posix.path.html,
posix.process, 0.0, stable, , -1, ja, パッケージの1行説明文, posix.process.html,
posix.socket, 0.0, stable, , -1, ja, パッケージの1行説明文, posix.socket.html,
posix.stat, 0.0, stable, , -1, ja, パッケージの1行説明文, posix.stat.html,
posix.thread, 0.0, stable, , -1, ja, パッケージの1行説明文, posix.thread.html,
Syntax.CommonLogicalOperator, 0.0, stable, , -1, ja, パッケージの1行説明文, Syntax.CommonLogicalOperator.html,
Syntax.Exception, 0.0, stable, , -1, ja, パッケージの1行説明文, Syntax.Exception.html,
Syntax.JavaImport, 0.0, stable, , -1, ja, パッケージの1行説明文, Syntax.JavaImport.html,
Syntax.JavaNewArray, 0.0, stable, , -1, ja, パッケージの1行説明文, Syntax.JavaNewArray.html,
Syntax.Lisp, 0.0, stable, , -1, ja, パッケージの1行説明文, Syntax.Lisp.html,
Syntax.RubyStyle, 0.0, stable, , -1, ja, パッケージの1行説明文, Syntax.RubyStyle.html,
Syntax.ShellStyle, 0.0, stable, , -1, ja, パッケージの1行説明文, Syntax.ShellStyle.html,
Syntax.UntypedVariable, 0.0, stable, , -1, ja, パッケージの1行説明文, Syntax.UntypedVariable.html,
Type.Dynamic, 0.0, stable, , -1, ja, パッケージの1行説明文, Type.Dynamic.html,
Type.StaticVar, 1.0, stable, win7/osx/linux, -1, ja, 静的型推論, Type.StaticVar.html,
